,lat,lon,pressure,temperature,humidity
2023-01-01,55.719704955,37.60437325000001,98194.29861214239,3.9703011728418325,88.43575581395348
2023-01-02,55.719704955,37.60437325000001,99079.98349350001,0.38097925901443863,74.77807966858492
2023-01-03,55.719704955,37.60437325,98255.30602474324,1.0479160830999066,84.51653769841269
2023-01-04,55.719704955000005,37.60437325000001,98711.85392320735,-1.9110743095930234,80.65788311531007
2023-01-05,55.719704955,37.60437325,98370.2890620685,-7.000502787969648,73.83897834720743
2023-01-06,55.719704955,37.604373249999995,99564.44457856703,-20.126755968040534,63.435040225405174
2023-01-07,55.719704955,37.60437325000001,100508.48631015036,-19.725240056297267,64.65602970473671
2023-01-08,55.719704955,37.60437325000001,100772.03917399084,-14.305957676394945,69.3419481158448
2023-01-09,55.719704955,37.60437325000001,101146.35713583094,-16.928524965714995,69.93119745044258
2023-01-10,55.719704955000005,37.60437325000001,101367.2080621557,-13.72628883080768,62.99115159195311
2023-01-11,55.719704955,37.604373249999995,101013.39003327835,-9.900133846941074,54.81491025581387
2023-01-12,55.719704955000005,37.60437325000001,100325.41001906333,-6.853641126035493,64.44624236409447
2023-01-13,55.719704955,37.60437325000001,99983.28384611792,-4.510414798422945,77.53703683661243
2023-01-14,55.719704955,37.60437325,99966.05507193795,-2.2707599896466473,82.66795516819735
2023-01-15,55.719704955,37.60437325000001,99798.38716823528,-1.941773565824457,77.34855752197953
2023-01-16,55.719704955,37.604373249999995,99248.47168903114,-3.315989759676292,81.45032616500036
2023-01-17,55.719704955,37.60437325000001,99146.07469525984,-0.32303870406610125,85.80325266362253
2023-01-18,55.719704955000005,37.60437325000001,99192.15164777939,0.2803866493983055,82.93411836921915
2023-01-19,55.719704955,37.60437325,99266.52195839988,1.5296184322927067,89.5254511970534
2023-01-20,55.719704955000005,37.60437325000001,99762.39249071029,2.9251324774610135,79.51791521990741
2023-01-21,55.719704955,37.60437325,100771.04856946348,-2.1559443683061774,61.6063735850972
2023-01-22,55.719704955,37.60437325,101279.23597799445,-2.5492425937766408,75.63014159739984
2023-01-23,55.719704955,37.60437325000001,101658.2152057387,-2.029501925425002,76.81308645575614
2023-01-24,55.719704955,37.60437325000001,101160.62657996116,-0.628101281553398,76.3900643106796
2023-01-25,55.719704955000005,37.604373249999995,100461.07596727334,-0.7844439910615986,76.10465337470723
2023-01-26,55.719704955,37.60437325,99744.38327757904,-1.36731395320586,77.93608457464768
2023-01-27,55.719704955,37.60437325,99731.47026362491,-1.4696588412487925,80.8304865674574
2023-01-28,55.719704955,37.60437325000001,99929.11980857869,-1.4923181393096308,80.23333427965466
2023-01-29,55.719704955,37.60437325,98967.05329007973,-1.5218084986268432,74.16649370207651
2023-01-30,55.719704955,37.60437325,97692.40632712364,-1.0358318038029024,79.48496073463252
2023-02-01,55.719704955,37.604373249999995,98247.3269856881,0.440109513066366,80.18453550949425
2023-02-02,55.719704955,37.60437325,98426.04772081632,-0.2102140816326531,76.38743423312883
2023-02-03,55.719704955000005,37.60437325,98574.27807192373,0.8705669164217411,83.89888192942959
2023-02-04,55.719704955,37.604373249999995,99341.12541703574,1.2609487456422528,81.23288424580542
2023-02-05,55.719704955000005,37.60437325,100268.36125519803,-0.6557838922396853,74.11330151829083
2023-02-06,55.719704955,37.60437325000001,100755.53755688306,-3.9449563998754282,69.08442947066429
2023-02-07,55.719704955,37.604373249999995,101587.7200550967,-4.440265767738706,65.03385256330037
2023-02-08,55.719704955000005,37.604373249999995,101472.0884899546,-3.135537283879069,70.10103742876461
2023-02-09,55.719704955000005,37.60437325000001,100885.32601820855,-0.3169574874989558,76.2138426837564
2023-02-10,55.719704955,37.60437325000001,99546.48313668155,-0.815263318452381,65.16583675595238
2023-02-11,55.719704955,37.60437325,98654.53392027042,-1.4977116055545598,77.20029844726065
2023-02-12,55.719704955,37.604373249999995,99154.97173717282,-3.526816052702163,72.46132347457461
2023-02-13,55.719704955000005,37.604373249999995,98679.43265724636,-1.3476971865677767,82.38572737349133
2023-02-14,55.719704955,37.604373249999995,98805.47784952843,0.8148037416534533,79.98285197632327
2023-02-15,55.719704955,37.60437325,99946.71977852215,-2.1432231572414295,67.73047756562374
2023-02-16,55.719704955,37.60437325000001,100143.04829789302,-3.954193992207278,68.3690551325464
2023-02-17,55.719704955,37.60437325000001,99879.98992638246,-5.210065913370999,70.19212720424585
2023-02-18,55.719704955000005,37.60437325,98396.10937354283,-6.294217885148628,72.68088318733382
2023-02-19,55.719704955,37.60437325,97388.31280401783,-6.106122992939463,77.8362995738052
2023-02-20,55.719704955000005,37.60437325000001,97281.7487733142,-6.297262140776487,71.68781026911873
2023-02-21,55.719704955,37.60437325000001,97298.54934709365,-10.65659995772564,62.74550699640668
2023-02-22,55.719704955,37.60437325,98655.40025848322,-11.566006686128638,60.205713485262265
2023-02-23,55.719704955,37.60437325,99300.22183084089,-7.7369511260671615,56.36798984081172
2023-02-24,55.719704955,37.60437325,98092.1413829205,-4.201660102495967,69.99042425105185
2023-02-25,55.719704955,37.60437325,97311.5823893993,1.206933736284173,84.25067286591036
2023-02-26,55.719704955,37.60437325,97355.46492172552,0.9480795940170941,77.50205415231534
2023-02-27,55.719704955,37.60437325,99627.92469479781,-4.456385279418447,72.60970169969738
2023-03-01,55.719704955,37.60437325000001,98590.56562685416,-2.475828877475639,59.17151398025352
2023-03-02,55.719704955,37.60437325,98426.54463875906,-1.6522306786455823,69.21707871657694
2023-03-03,55.719704955,37.60437325000001,97767.22441157323,0.6968686810661764,77.6188712086397
2023-03-04,55.719704955,37.60437325,96909.03919926762,0.1919003382542922,80.29704088307709
2023-03-05,55.719704955,37.60437325000001,96892.76448987052,-1.0085526315789475,75.94591478696742
2023-03-06,55.719704955,37.60437325000001,97655.37585300756,-1.3300683716558783,73.38016785142237
2023-03-07,55.719704955,37.604373249999995,98019.79640464784,-0.7417641155329945,68.92258229009695
2023-03-08,55.719704955,37.60437325000001,97707.6958906105,-2.3474118738404455,79.09786544816791
2023-03-09,55.719704955,37.60437325000001,97516.63489421611,-1.316241547208099,71.45342606605789
2023-03-10,55.719704955000005,37.604373249999995,98316.80977110007,-2.973197051713569,57.98737178597453
2023-03-11,55.719704955,37.60437325000001,98177.81334290963,-2.8999423467792367,76.50343046435272
2023-03-12,55.719704955,37.60437325000001,96843.71125281387,0.8075328523328524,87.69651721981722
2023-03-13,55.719704955,37.60437325000001,98770.5856178245,-1.8167418854878568,67.53341538229259
2023-03-14,55.719704955,37.60437325,98640.24610535718,3.088829842616339,64.88911731987463
2023-03-15,55.719704955,37.60437325,98881.80177904239,6.622223714888094,55.35040030362292
2023-03-16,55.719704955,37.60437325000001,99084.25388409977,3.4729805264501366,83.1016604339683
2023-03-17,55.719704955,37.60437325,100273.23775625316,4.5154736829777455,46.1176681393776
2023-03-18,55.719704955000005,37.60437325000001,101000.2718272975,4.1549390222316624,33.57844643868592
2023-03-19,55.719704955,37.60437325000001,100213.21724194413,3.820146702775559,43.630235373402556
2023-03-20,55.719704955,37.60437325,99421.81435473092,6.514077533514152,46.14641914426983
2023-03-21,55.719704955000005,37.60437325000001,98677.92844332384,7.8318036082872835,55.762148093841645
2023-03-22,55.719704955000005,37.60437325,99083.87577550119,6.949632370283019,63.313618219339624
2023-03-23,55.719704955,37.604373249999995,98687.9579385508,11.252819520904627,51.77380821306353
2023-03-24,55.719704955,37.604373249999995,98055.6613332099,8.324619099130706,78.0748234449512
2023-03-25,55.719704955,37.60437325000001,97876.4905626986,8.459144514240322,84.18936826968343
2023-03-26,55.719704955000005,37.604373249999995,97599.4834485924,7.6226660625018265,86.67591139240506
2023-03-27,55.719704955,37.60437325000001,97848.78643782204,6.824324359373378,80.885894594875
2023-03-28,55.719704955,37.60437325000001,98599.20704930529,8.777696902611716,61.87198721449609
2023-03-29,55.719704955,37.60437325,98343.4394890173,7.190677239666601,80.80445084961042
2023-03-30,55.719704955,37.60437325000001,98720.70803609668,4.401584558535503,76.37129315410127
2023-04-01,55.719704955,37.60437325,98247.88744768439,5.97579388221841,76.59030560320184
2023-04-02,55.719704955,37.60437325,98890.75946207385,9.37874706722766,70.83463266616859
2023-04-03,55.719704955,37.60437325000001,99183.95286469557,11.376726642682348,61.78572605829285
2023-04-04,55.719704955,37.604373249999995,99292.24459282531,12.507435695187166,61.058151114081994
2023-04-05,55.719704955,37.60437325,99772.55023623278,11.878539319983313,57.85389810179391
2023-04-06,55.719704955,37.60437325,100076.61407434856,12.386979625913426,41.963608666018025
2023-04-07,55.719704955000005,37.60437325000001,100296.89619997107,9.512269135911566,35.88923922299523
2023-04-08,55.719704955,37.60437325,100370.09225937526,11.951626101285067,35.342868442666855
2023-04-09,55.719704955,37.60437325,100282.87645812909,12.512584737596258,42.881179943969144
2023-04-10,55.719704955,37.60437325,100165.40379917929,12.316866504231854,47.78293182012482
2023-04-11,55.719704955,37.60437325,99737.02474126164,13.598106004730537,46.421682964978764
2023-04-12,55.719704955,37.60437325000001,99305.15381058042,16.943956533055697,29.071869859448206
2023-04-13,55.719704955,37.60437325000001,99218.18646771125,14.828766478917672,30.394550483619028
2023-04-14,55.719704955,37.60437325,99746.02265459363,7.226985424028268,32.086188162544175
2023-04-15,55.719704955,37.604373249999995,100681.64294566622,7.752998574362193,20.90005239347603
2023-04-16,55.719704955,37.604373249999995,100647.41748602118,12.190693469858957,20.247075114189627
2023-04-17,55.719704955,37.60437325000001,100405.45993899167,13.954201915341296,26.88937411040287
2023-04-18,55.719704955,37.60437325,100211.00777588075,13.81468781778294,38.40177766163376
2023-04-19,55.719704955,37.60437325,100206.78551961093,16.004308823344125,27.355231992339576
2023-04-20,55.719704955,37.60437325,99712.75328528398,15.47403822185293,27.263359744396304
2023-04-21,55.719704955,37.60437325,99115.44205212954,15.997877768043036,26.55986580005611
2023-04-22,55.719704955,37.60437325,98904.56889723445,15.423294724676406,32.82828585780669
2023-04-23,55.719704955,37.60437325,99254.27666107992,18.223482871563576,30.298969238361153
2023-04-24,55.719704955,37.60437325,99242.25705138275,19.731505146515385,26.61615574486057
2023-04-25,55.75313663666666,37.56624883333333,98711.09489357968,17.42410963314936,45.524860256299526
2023-04-26,55.75313663666666,37.56624883333333,98268.90099435602,13.881665931093247,69.33675013271272
2023-04-27,55.75313663666666,37.566248833333326,98888.56891916729,17.598230451797995,48.95740394479478
2023-04-28,55.75313663666666,37.56624883333333,99086.32447039871,12.16924073192981,73.92493471913137
2023-04-29,55.75313663666666,37.56624883333334,99588.4759036448,10.057816363360976,57.431137274354775
2023-05-01,55.75313663666666,37.56624883333333,99126.57604173169,8.017319591974372,73.22853220726294
2023-05-02,55.75313663666666,37.56624883333334,100051.37467665994,12.905079202489441,41.6119993457359
2023-05-03,55.75313663666666,37.56624883333333,99802.82277853605,12.087605542696712,54.26933050152522
2023-05-04,55.75313663666666,37.56624883333333,100069.24896723602,12.6932255080629,39.692051905694946
2023-05-05,55.75313663666666,37.56624883333333,99972.40030178886,7.644208712749094,47.40901421567608
2023-05-06,55.75313663666666,37.56624883333333,100300.54980540171,4.734156988863082,48.28948362714152
2023-05-07,55.75313663666666,37.56624883333333,100715.16857232824,6.576849609159304,43.362122945684725
2023-05-08,55.75313663666666,37.56624883333334,100991.54812464134,8.642556460910113,40.972644279236555
2023-05-09,55.75313663666666,37.56624883333334,100787.17438410463,12.406239487661779,34.733220199444496
2023-05-10,55.75313663666666,37.56624883333333,100232.86656721086,14.820923678795756,34.39502570662768
2023-05-11,55.75313663666666,37.56624883333334,100096.22474641661,16.023562233986777,48.053088209673604
2023-05-12,55.75313663666666,37.56624883333334,99951.28922667475,18.097697497242574,38.973626242009836
2023-05-13,55.75313663666666,37.56624883333333,99942.53318923172,19.889369019363823,34.30302761780259
2023-05-14,55.75313663666666,37.56624883333333,100184.28209023703,15.462115810175463,44.58114347254165
2023-05-15,55.75313663666666,37.56624883333333,100150.21018957619,17.686209593233915,41.33038738883382
2023-05-16,55.75313663666666,37.56624883333333,100069.78656742036,19.011825069282306,37.119886724121784
2023-05-17,55.75313663666666,37.56624883333334,100058.60620631465,21.181037386900485,36.97596259840539
2023-05-18,55.75313663666666,37.56624883333333,99991.34432208154,21.61891299993043,45.069546899260615
2023-05-19,55.75313663666666,37.56624883333334,100342.25703967067,16.011863927195837,50.004650273045364
2023-05-20,55.75313663666666,37.56624883333333,100434.26947662853,14.060556273380561,55.028796053967945
2023-05-21,55.75313663666666,37.56624883333333,100152.11014326829,15.033386795995881,63.73285332976486
2023-05-22,55.75313663666666,37.56624883333334,100092.56194221655,16.567051304234223,69.41992342996663
2023-05-23,55.75313663666666,37.56624883333333,99710.73246293438,17.99358972856864,68.10680055016428
2023-05-24,55.753136636666675,37.56624883333333,99443.09645361523,20.067380832272054,62.06541645058868
2023-05-25,55.753136636666675,37.56624883333334,99390.39796753069,18.926499027975893,75.70407419753222
2023-05-26,55.75313663666666,37.56624883333334,99268.07694176893,22.132619079034175,52.83279786251484
2023-05-27,55.75313663666666,37.56624883333333,99377.00398684839,19.497338860769187,42.089365275441395
2023-05-28,55.75313663666666,37.56624883333333,99561.78601362121,14.687178442779862,55.277532214862845
2023-05-29,55.75313663666666,37.56624883333334,99770.24851500064,18.84060294243181,39.81568265470501
2023-05-30,55.75313663666666,37.56624883333333,99413.82226748993,20.548117015098725,37.883872378219586
2023-06-01,55.75313663666666,37.56624883333333,98917.65062302795,18.173500178500475,48.80109355807115
2023-06-02,55.75313663666666,37.56624883333334,98767.80435294482,18.782701572861743,59.64124803414804
2023-06-03,55.75313663666666,37.56624883333334,99060.6258049046,10.436210433819348,81.2060668221144
2023-06-04,55.753136636666675,37.56624883333333,99893.82212434127,13.024703620594423,51.05815440895831
2023-06-05,55.753136636666675,37.56624883333334,99827.3858958924,14.642132916884394,58.443931870327084
2023-06-06,55.75313663666666,37.56624883333333,99838.76558675907,17.86760403109476,47.33200204932254
2023-06-07,55.75313663666666,37.56624883333333,99675.88249816191,19.340697765307013,52.33036243588668
2023-06-08,55.75313663666666,37.56624883333333,99631.80466567822,21.125872010568713,47.94467668530475
2023-06-09,55.75313663666666,37.56624883333333,99533.78627326847,19.94229674883105,48.330380179977425
2023-06-10,55.75313663666666,37.56624883333334,100253.03089259267,15.775212780109046,41.08469965672239
2023-06-11,55.75313663666666,37.56624883333333,100611.13259243987,16.09610759313123,35.9833635292039
2023-06-12,55.753136636666675,37.56624883333333,100499.47057329648,16.67474487854486,36.73539495919353
2023-06-13,55.75313663666666,37.56624883333333,100087.38315956073,20.251104323545075,34.832691335025515
2023-06-14,55.75313663666666,37.56624883333333,99764.71946193499,22.333727916564502,34.50913128532917
2023-06-15,55.753136636666675,37.56624883333333,99553.23650579737,24.167709888909126,34.433854489164084
2023-06-16,55.75313663666666,37.56624883333334,99224.6131604723,25.24077360593803,36.64906597514251
2023-06-17,55.75313663666666,37.56624883333333,99278.21923617592,24.717336722683456,36.979618314300225
2023-06-18,55.75313663666666,37.56624883333333,99561.13514756916,23.42511787893409,33.811813714000586
2023-06-19,55.75313663666666,37.56624883333333,99521.71090674268,21.660015907155394,33.08531846388944
2023-06-20,55.75313663666666,37.56624883333333,99248.34566491307,20.404589848747744,44.307684668158345
2023-06-21,55.75313663666666,37.56624883333333,99631.52904539835,20.042244880888806,38.54477446695382
2023-06-22,55.75313663666666,37.56624883333333,99390.38761670336,22.496206766081503,39.085334340065856
2023-06-23,55.75313663666666,37.56624883333333,98882.9255674162,19.389391077086838,70.99778426758695
2023-06-24,55.75313663666666,37.56624883333333,99117.88730171086,18.18097281828047,71.50324171287724
2023-06-25,55.75313663666666,37.56624883333333,99421.21214033483,21.533299402611394,48.25607127173175
2023-06-26,55.75313663666666,37.56624883333333,99185.70775290228,23.27974140117359,41.823821025256
2023-06-27,55.75313663666666,37.56624883333333,98911.4477380239,20.933921089746338,49.17510964645422
2023-06-28,55.75313663666666,37.56624883333333,98636.19037367088,19.505015468406487,61.2708848684762
2023-06-29,55.75313663666666,37.56624883333333,98095.86651359731,17.95843702029692,75.48987130217415
2023-07-01,55.75313663666666,37.56624883333333,97646.84253014904,21.527011887694783,63.1153934923611
2023-07-02,55.75313663666666,37.56624883333333,97980.01086351323,21.99133315830927,54.956632412746984
2023-07-03,55.75313663666666,37.56624883333333,98565.83974227043,22.255583262621737,47.18841537725666
2023-07-04,55.75313663666666,37.56624883333333,99388.52144517319,23.688892079290216,41.517229429295156
2023-07-05,55.75313663666666,37.56624883333333,99606.13552811125,22.965448149824145,54.60809566897411
2023-07-06,55.75313663666666,37.56624883333334,99728.97730340727,26.723559291196423,51.26658590894855
2023-07-07,55.753136636666675,37.56624883333334,99400.26573812385,24.57794134268197,69.06512546070586
2023-07-08,55.75313663666666,37.56624883333334,99324.30271689249,22.1298308498109,62.830758233297495
2023-07-09,55.75313663666666,37.56624883333333,98933.32120737055,22.672786270240266,49.550667709570384
2023-07-10,55.75313663666666,37.56624883333333,98888.25144243416,18.200476920277897,63.01851183298637
2023-07-11,55.75313663666666,37.56624883333334,98854.41556240788,15.868402432707578,68.55536646348592
2023-07-12,55.75313663666666,37.56624883333333,98664.60194718935,14.966211610852888,66.4383776149297
2023-07-13,55.75313663666666,37.56624883333333,98531.66948458213,14.97294017285826,79.6826916789217
2023-07-15,55.75313663666666,37.56624883333333,99035.59268654154,17.59182883736442,81.19750753771885
2023-07-16,55.75313663666666,37.56624883333333,99354.56677337067,21.10613967444107,64.19009382346104
2023-07-17,55.75313663666666,37.56624883333333,99272.03533928281,24.62127367119892,50.52131876439831
2023-07-18,55.75313663666666,37.56624883333334,98196.72472319182,22.328574564685397,70.56303330093168
2023-07-19,55.75313663666666,37.56624883333333,97848.65086158902,16.853747573100772,72.46613248360235
2023-07-20,55.753136636666675,37.56624883333333,98268.82236221033,18.317836387094165,59.98385567597228
2023-07-21,55.75313663666666,37.56624883333333,98537.52118840678,19.760616532204526,52.43668138442487
2023-07-22,55.75313663666666,37.56624883333334,98894.02991207002,20.300318534677995,53.91060276523379
2023-07-23,55.75313663666666,37.56624883333334,98806.86684056267,18.641539472745663,71.2365045763136
2023-07-24,55.75313663666666,37.56624883333333,98611.3963717302,16.970511936878243,79.94672632929063
2023-07-25,55.75313663666666,37.56624883333333,98318.06097002183,21.362576077529553,71.21402204827614
2023-07-26,55.75313663666666,37.56624883333333,97945.24026566796,21.68340127872656,83.29217341772373
2023-07-27,55.75313663666666,37.56624883333333,98322.27135331325,23.158281862834542,70.61085007760214
2023-07-28,55.75313663666666,37.56624883333333,98209.01025767955,20.078771819818957,88.49267413754397
2023-07-29,55.75313663666666,37.56624883333333,98491.39114968223,16.873438588280465,85.2172507139712
2023-07-30,55.75313663666666,37.56624883333333,98609.55232287041,20.460114087436377,63.309741225002085
2023-08-01,55.75313663666666,37.56624883333333,98937.8081706349,24.262155653987644,57.7363344863142
2023-08-02,55.75313663666666,37.56624883333334,98843.31751810851,24.055815854226,68.35009122454834
2023-08-03,55.75313663666666,37.56624883333333,98792.3197058174,25.702442148546556,63.37053173095939
2023-08-04,55.75313663666666,37.56624883333333,99062.70920163549,26.192176151119714,57.45676295661092
2023-08-05,55.75313663666666,37.56624883333333,99675.84719851024,27.155861921939845,51.34213035348606
2023-08-06,55.75313663666666,37.56624883333333,99633.88123278727,28.97823896011396,50.915455276590684
2023-08-07,55.75313663666666,37.56624883333333,99094.5342759691,28.483118534527232,47.11771451911742
2023-08-08,55.75313663666666,37.56624883333334,98837.03094841272,24.633635911449062,58.51436833115336
2023-08-09,55.75313663666666,37.56624883333333,99280.06914254861,22.722606470625568,61.307420090412826
2023-08-10,55.75313663666666,37.56624883333333,100116.85439781747,23.384523294284133,55.07683631004294
2023-08-11,55.75313663666666,37.56624883333334,99958.69260583863,23.094408995436094,70.5440343281848
2023-08-12,55.75313663666666,37.56624883333333,99498.80558594667,22.70481636838524,72.70636293624041
2023-08-13,55.75313663666666,37.56624883333334,99285.60658320056,20.419998888688408,78.29694772713297
2023-08-14,55.75313663666666,37.56624883333333,99593.57260048624,20.919986683076946,79.76736104085568
2023-08-15,55.75313663666666,37.56624883333333,100002.9735612757,23.534919509610404,61.23981575333087
2023-08-16,55.75313663666666,37.56624883333333,100239.8147553382,24.27993747419392,55.56137557606606
2023-08-17,55.75313663666666,37.56624883333333,100196.5863795195,25.792192346475606,52.215733110999516
2023-08-18,55.75313663666666,37.56624883333333,100305.91103675873,24.351050983674384,67.12998036351699
2023-08-19,55.75313663666666,37.56624883333333,100240.16551389382,25.787423674141284,60.869367993683404
2023-08-20,55.75313663666666,37.56624883333333,99656.66262483323,22.428430918453657,72.83994646804116
2023-08-21,55.75313663666666,37.56624883333333,99469.29236293024,20.587292414683454,54.2434824622358
2023-08-22,55.75313663666666,37.56624883333334,98970.98648413959,18.86086044457433,62.13865829392912
2023-08-23,55.75313663666666,37.56624883333334,98843.97282572537,17.22534126984127,79.94868537887815
2023-08-24,55.75313663666666,37.56624883333333,99173.99897051853,16.093305826101243,74.36158927758872
2023-08-25,55.75313663666666,37.566248833333326,99474.49919340451,16.50530343943114,60.04469787936375
2023-08-26,55.75313663666666,37.56624883333333,99349.2977703327,16.35732138045143,72.99206764212688
2023-08-27,55.75313663666666,37.56624883333333,98977.22083443512,19.63270469299029,69.13902361384073
2023-08-28,55.75313663666666,37.56624883333334,99075.26804750304,18.980414711775868,55.42852189686352
2023-08-29,55.753136636666675,37.56624883333333,99268.40477638041,16.281212823921948,70.44091205809998
2023-08-30,55.75313663666666,37.566248833333326,99422.74294118599,19.251250823261262,64.21210363348466
2023-09-01,55.75313663666666,37.56624883333334,99363.31813586422,23.945495383247422,51.08111558349348
2023-09-02,55.75313663666666,37.56624883333333,99554.22874637165,19.155595302319632,76.39579272455084
2023-09-03,55.75313663666666,37.56624883333333,99862.85287137132,19.93030505019307,65.1587459953597
2023-09-04,55.75313663666666,37.56624883333333,100093.93596005834,19.789921268369014,62.7785948080523
2023-09-05,55.75313663666666,37.56624883333334,100071.44633660362,20.22646506082603,55.55959354649654
2023-09-06,55.75313663666666,37.56624883333334,99536.44650778914,17.83986967248425,55.437391136344054
2023-09-07,55.75313663666666,37.56624883333333,100082.88192761857,15.058118779451872,54.8565921972185
2023-09-08,55.75313663666666,37.56624883333333,99619.93893484033,13.4615689034295,63.13825710376782
2023-09-09,55.75313663666666,37.56624883333333,100089.1731246588,14.212777245727422,69.44092802833048
2023-09-10,55.75313663666666,37.56624883333333,100040.80226749211,16.146100409362294,68.4951535470932
2023-09-11,55.75313663666666,37.56624883333333,99756.79740714503,16.697148142926057,67.07869538735868
2023-09-12,55.75313663666666,37.56624883333333,99964.15432003181,14.68323482475973,69.54265742236262
2023-09-13,55.75313663666666,37.56624883333334,100059.2757006258,17.511182246164708,58.08569580529248
2023-09-14,55.75313663666666,37.56624883333333,99859.11295471889,17.932398106128357,56.5877981398825
2023-09-15,55.75313663666666,37.56624883333333,99997.41209928575,17.725660444866197,55.872594902459525
2023-09-16,55.75313663666666,37.56624883333334,100609.90829446922,14.03219273627388,69.38568868866582
2023-09-17,55.75313663666666,37.56624883333333,97763.62158757525,5.747285820353501,64.00310739618615
2023-09-18,55.75313663666666,37.56624883333334,92884.98763496906,-9.758084453358293,79.25184487478094
2023-09-19,55.75313663666666,37.56624883333333,92895.77190751473,-8.806161241623537,81.31558578469676
2023-09-20,55.75313663666666,37.56624883333333,96342.82141173664,9.453344619402971,52.97173163868931
2023-09-21,55.75313663666666,37.56624883333333,90426.82372255511,-14.952038935435368,78.72317752817361
2023-09-22,55.75313663666666,37.56624883333333,96595.9789169797,9.037136961032614,56.49902272138586
2023-09-23,55.75313663666666,37.56624883333334,100324.05085567756,21.64401021334756,41.054716359945274
2023-09-24,55.75313663666666,37.56624883333333,99408.7284541347,19.17937856990934,43.73782753087653
2023-09-25,55.75313663666666,37.56624883333333,100486.38370963652,16.245685383518506,69.71808389253266
2023-09-26,55.75313663666666,37.56624883333333,94786.5600062636,-4.956223160640086,66.26960283404456
2023-09-27,55.75313663666666,37.56624883333333,93333.56466856798,-8.640928118435399,65.21112327157225
2023-09-28,55.75313663666666,37.56624883333334,96245.78927490581,4.948165938490011,56.92758245494477
2023-09-29,55.75313663666666,37.56624883333333,94549.53082410763,-0.09138460570947753,63.647932234118635
2023-10-01,55.75313663666666,37.56624883333333,92849.77203908547,-7.833696432323332,74.91633601758123
2023-10-02,55.753136636666675,37.56624883333333,92140.72639424459,-13.027848519075597,78.5300817055591
2023-10-03,55.75313663666666,37.56624883333334,92120.44604438853,-11.753835106985752,68.26424168685446
2023-10-04,55.75313663666666,37.56624883333334,84080.2988502346,-38.731817610672785,84.24481527251811
2023-10-05,55.75313663666666,37.56624883333333,93098.1276502133,-7.957734295098735,78.401598319443
2023-10-06,55.75313663666666,37.56624883333334,87015.3918133512,-29.839898595896486,89.84567698123085
2023-10-07,55.753136636666675,37.56624883333333,89193.024905573,-20.358922369349127,88.66196945799811
2023-10-08,55.75313663666666,37.56624883333333,82551.40058132698,-45.49404501329868,91.40824994593036
2023-10-09,55.753136636666675,37.56624883333333,84260.95056576822,-43.282065350300634,92.95178632031575
2023-10-10,55.7243614,37.482681510000006,98895.17394734093,1.7688643786168565,84.6280885470558
2023-10-11,55.75313663666666,37.56624883333333,99388.35767121072,6.50986215044873,59.7135201930163
2023-10-12,55.75313663666666,37.56624883333333,98024.28715977042,10.24257376588945,78.51346988775559
2023-10-13,55.75313663666666,37.56624883333334,98871.09991578436,10.861241224039839,62.27003571705561
2023-10-14,55.75313663666666,37.56624883333333,98563.28012565605,11.711300138864432,79.2276913951937
2023-10-15,55.75313663666666,37.56624883333334,98170.08165243345,12.17448397148435,80.70815942043149
2023-10-16,55.75313663666666,37.56624883333333,91275.49205204588,-15.757892715231145,85.09419032616753
2023-10-17,55.753136636666675,37.56624883333333,88853.8015342204,-28.24827752409944,87.93754815861742
2023-10-18,55.75313663666666,37.56624883333333,98544.84438286151,6.58696683582419,80.87854913720862
2023-10-19,55.75313663666666,37.56624883333334,98599.52445166987,7.332453981312469,81.05617736156198
2023-10-20,55.75313663666666,37.56624883333333,99015.29707594351,6.203608967158405,83.05311141031403
2023-10-21,55.75313663666666,37.56624883333333,99853.77952162844,3.8919826591033484,77.81313457232424
2023-10-22,55.75313663666666,37.56624883333333,99671.78703997024,3.6793202225654746,78.04172126402484
2023-10-23,55.75313663666666,37.56624883333333,98183.02788606971,5.539482364347728,84.42774596804162
2023-10-24,55.75313663666666,37.56624883333333,99069.34222500148,2.6940012342523967,74.92536058123892
2023-10-25,55.75313663666666,37.56624883333334,99703.72721554968,1.058375343939405,54.0964629450776
2023-10-26,55.75313663666666,37.56624883333334,99323.94563284382,-0.12522832000049666,56.71256657182173
2023-10-27,55.75313663666666,37.56624883333334,98245.23059637158,-0.061129368146472185,81.15682247881305
2023-10-28,55.75313663666666,37.56624883333333,95277.66593252851,-5.62960277143036,85.45300407000407
2023-10-29,55.75313663666666,37.56624883333333,86434.17635846988,-39.14985520385031,92.24291834082959
2023-10-30,55.75313663666666,37.56624883333333,91950.45094306309,-18.3387156842567,89.45293481239638
2023-11-01,55.75313663666666,37.56624883333333,98371.94174319814,14.593558476498849,75.54889777065536
2023-11-02,55.75313663666666,37.56624883333334,86170.50690029732,-34.36018658401112,89.47610940903179
2023-11-03,55.75313663666666,37.56624883333333,85666.51360518282,-41.4681259270234,84.29961038959918
2023-11-04,55.75313663666666,37.56624883333333,96263.92030413664,-4.17153362717974,84.43132298399013
2023-11-05,55.75313663666666,37.56624883333334,98043.31334197677,10.789961033879429,80.59020884437898
2023-11-06,55.75313663666666,37.56624883333334,97536.23043412065,10.80243931728487,84.28172070429257
2023-11-07,55.75313663666666,37.56624883333333,98277.97190334141,10.24106472515939,82.18527369495884
2023-11-08,55.75313663666666,37.56624883333333,97265.17491936043,3.6613664027037793,80.16902636828974
2023-11-09,55.75313663666666,37.56624883333333,89085.48311133623,-25.405660216888226,86.07486651191125
2023-11-10,55.75313663666666,37.56624883333334,93603.1839793294,-12.579722698934559,83.00990221709598
2023-11-11,55.75313663666666,37.56624883333333,92394.55293906602,-16.482826629926056,81.31613189361182
2023-11-12,55.75313663666666,37.56624883333334,94650.11541011794,-4.05528674802741,87.6858653089996
2023-11-13,55.75313663666666,37.56624883333333,86865.51984442845,-31.920285884343752,90.88217106969012
2023-11-14,55.75313663666666,37.56624883333333,83522.36142702294,-45.583209172479286,93.65263793103448
2023-11-15,55.75313663666666,37.56624883333333,86118.50347982411,-37.15792172418464,88.82485104999911
2023-11-16,55.75313663666666,37.56624883333334,97147.90247634903,-3.313541423282679,78.30995052392365
2023-11-17,55.75313663666666,37.56624883333333,99920.85710422776,-1.5417700924377555,61.56332972801075
2023-11-18,55.75313663666666,37.56624883333333,100416.7319432418,-3.044363747145194,62.515954734108355
2023-11-19,55.75313663666666,37.56624883333333,100055.94827474475,-4.857206552706552,65.40924549135075
2023-11-20,55.75313663666666,37.56624883333333,99374.0436492969,-5.499499462585063,66.4757135683259
2023-11-21,55.75313663666666,37.56624883333333,99201.40742298593,-6.947069075459635,65.10727858852336
2023-11-22,55.75313663666666,37.56624883333333,99473.19352187433,-6.846348132072269,65.7234016245568
2023-11-23,55.75313663666666,37.56624883333333,97631.42174745176,-6.719490789632545,70.06377294185324
2023-11-24,55.75313663666666,37.56624883333333,95726.83043390365,-4.567997418583553,74.79948763999703
2023-11-25,55.75313663666666,37.56624883333333,97290.5408162627,-3.7761626852052204,71.52806325885307
2023-11-26,55.75313663666666,37.56624883333333,97985.65348220042,-2.074974744150581,75.8279756109474
2023-11-27,55.75313663666666,37.56624883333334,96477.49702335773,0.3362309261892289,81.93616279218124
2023-11-28,55.75313663666666,37.56624883333334,98134.69390087767,-3.336323428168511,73.80408772738134
2023-11-29,55.75313663666666,37.56624883333333,98943.24361385971,-3.0443499302155015,75.69291527040099
2023-12-01,55.75313663666666,37.56624883333334,98373.07118731609,-2.6369821612787665,75.56895646128582
2023-12-02,55.753136636666675,37.56624883333334,98695.63771806273,-2.30113410019265,74.96404964102884
2023-12-03,55.753136636666675,37.56624883333334,98581.08501674731,-4.260846621072955,78.45918892201648
2023-12-04,55.75313663666666,37.56624883333333,99076.87918773557,-6.681849187265143,77.59249668662353
2023-12-05,55.75313663666666,37.56624883333333,99994.25372236942,-7.465482392946754,75.56287704288808
2023-12-06,55.75313663666666,37.56624883333334,100915.97645109669,-6.893751511974042,70.81812863230165
2023-12-07,55.75313663666666,37.56624883333333,101575.61973291486,-9.090142983573694,68.74155911872191
2023-12-08,55.75313663666666,37.56624883333333,101522.22842273353,-11.675026329452512,69.95311623077252
2023-12-09,55.753136636666675,37.56624883333333,101024.12684104253,-13.007645482891382,70.94478101913154
2023-12-10,55.75313663666666,37.56624883333333,100551.7862665432,-10.093920610263575,74.83486495858367
2023-12-11,55.75313663666666,37.56624883333333,100050.21956698872,-6.737712090742829,78.44753775509528
2023-12-12,55.75313663666666,37.56624883333333,99737.06001249234,-6.70740565272164,79.29766784029805
2023-12-13,55.75313663666666,37.56624883333333,99963.68704616059,-10.532086067651363,74.28691492574127
2023-12-14,55.75313663666666,37.56624883333333,99892.79993599362,-9.704009239018895,76.08543761895265
2023-12-15,55.75313663666666,37.56624883333333,99046.225681163,-7.282533621978743,79.61471530342082
2023-12-16,55.753136636666675,37.56624883333334,99797.25669928372,-4.30857428608426,80.17093298368742
2023-12-17,55.753136636666675,37.56624883333333,98765.9530708739,0.10533381523933055,82.02267803578627
2023-12-18,55.75313663666666,37.56624883333333,98723.33695267193,1.7288836579944877,83.20744733389294
2023-12-19,55.75313663666666,37.56624883333333,98146.33525065881,3.268345594499209,85.94993627427213
2023-12-20,55.753136636666675,37.56624883333333,97752.33791101351,4.184307036274665,82.28822686770674
2023-12-21,55.75313663666666,37.56624883333333,97337.18660428065,2.3502524958335127,82.4730819066146
2023-12-22,55.75313663666666,37.56624883333334,96844.98324522805,1.4804719897349095,80.43292687566706
2023-12-23,55.75313663666666,37.56624883333333,96355.4918609695,2.5789602948804435,81.59296199247113
2023-12-24,55.75313663666666,37.56624883333334,96657.72652185718,1.1764130451558197,79.59863980350276
2023-12-25,55.753136636666675,37.56624883333333,96886.22649637282,0.17078662517770463,73.43397085166657
2023-12-26,55.753136636666675,37.56624883333334,96921.04310629664,0.17696760438835082,79.34095171067521
2023-12-27,55.75313663666666,37.56624883333333,97841.71538752281,0.049308217937403996,77.65022503302283
2023-12-28,55.753136636666675,37.56624883333333,98905.16796500671,-1.608068115099871,73.91618435321594
2023-12-29,55.75313663666666,37.56624883333333,98057.44556667242,0.6864586323913793,81.26329337828997
2023-12-30,55.75313663666666,37.56624883333333,97744.71715017887,3.4063491086560247,85.05096152291452
2024-01-01,55.75313663666666,37.56624883333333,95844.87651114825,-21.51006830437386,69.85876477220795
2024-01-02,55.753136636666675,37.56624883333334,99314.31789885573,-17.605646000744454,64.54080295433555
2024-01-03,55.75313663666666,37.56624883333333,93393.79985391446,-37.03746433372505,67.9080910181246
2024-01-04,55.75313663666666,37.56624883333333,95111.50192794394,-31.0397009521555,62.34768102790709
2024-01-05,55.75313663666666,37.56624883333333,98979.93579656685,-18.502872272902586,59.88422219974846
2024-01-06,55.75313663666666,37.56624883333333,99161.93735077199,-14.746486963873275,65.19105655896198
2024-01-07,55.75313663666666,37.56624883333333,100371.38588058857,-19.69126484654977,60.21771903240026
2024-01-08,55.75313663666666,37.56624883333333,100271.67570677702,-15.154568444542193,63.42759007150798
2024-01-09,55.75313663666666,37.56624883333333,99205.6325702734,-6.391539627088825,76.39474788959184
2024-01-10,55.75313663666666,37.56624883333334,98924.29504502377,-6.202757805364449,73.79178930806448
2024-01-11,55.75313663666666,37.56624883333333,90744.45855626203,-26.282934216115603,81.72495607146091
2024-01-12,55.75313663666666,37.56624883333333,88764.09016142784,-41.940607293930945,72.37741078134331
2024-01-13,55.75313663666666,37.56624883333334,95913.77145305305,-26.67506018499672,59.857531337095914
2024-01-14,55.75313663666666,37.56624883333333,97604.16717151376,-15.146442409804854,70.75324629413689
2024-01-15,55.75313663666666,37.56624883333333,97182.41932304374,-2.79801253378041,81.81221385461562
2024-01-16,55.75313663666666,37.56624883333334,96972.2387119051,-0.8259876976344834,75.41664484286886
2024-01-17,55.753136636666675,37.56624883333333,89010.26756968423,-39.79935321525591,80.24151492743094
2024-01-18,55.75313663666666,37.56624883333333,92961.64089832072,-25.514134827644202,80.54766253026065
2024-01-19,55.75313663666666,37.56624883333333,98166.62834990496,-4.104376190634119,78.79574449441479
2024-01-20,55.75313663666666,37.56624883333333,98569.85876988189,-7.200557613179032,78.58564088029611
2024-01-21,55.753136636666675,37.56624883333333,89833.30842722788,-40.60806580872087,78.87506271945848
2024-01-22,55.75313663666666,37.56624883333333,99609.01562335699,-9.237108496573075,70.8267234354556
2024-01-23,55.75313663666666,37.56624883333333,99685.16970045191,-3.2973856243037685,76.78047644811615
2024-01-24,55.75313663666666,37.56624883333333,98903.68331831678,0.2777835835661575,81.73732465336157
2024-01-25,55.75313663666666,37.56624883333333,98175.87219492406,0.21133620229203173,81.43516282659692
2024-01-26,55.753136636666675,37.56624883333333,98966.36940753924,-1.4460836002031716,76.09382040764953
2024-01-27,55.75313663666666,37.56624883333333,99849.22549280757,-2.540014556682753,73.6645404393468
2024-01-28,55.75313663666666,37.56624883333333,100800.76334842166,-2.328006765524899,76.38134143740085
2024-01-29,55.75313663666666,37.56624883333333,101006.62846345839,-1.8660564201350072,79.42674142713311
2024-01-30,55.75313663666666,37.56624883333333,100646.23259745871,1.659954617292213,81.84020302362474
2024-02-01,55.75313663666666,37.56624883333333,98418.56404720292,2.11725176947752,83.5623882119951
2024-02-02,55.7243614,37.482681510000006,97468.85762820512,-1.178440934065934,79.78752060439561
2024-02-03,55.75313663666666,37.56624883333333,97191.71291464602,-0.8645159842823914,74.70461402002671
2024-02-04,55.75313663666666,37.56624883333334,96322.48068425816,1.4444974294258905,82.44606361452348
2024-02-05,55.75313663666666,37.56624883333333,96414.66714336589,-0.29745123403440604,75.36011415620455
2024-02-06,55.75313663666666,37.56624883333333,96800.50534427779,-2.906909554827702,77.21539571830715
2024-02-07,55.75313663666666,37.56624883333334,82778.07519158717,-51.545714465672745,91.0801348067406
2024-02-08,55.75313663666666,37.56624883333333,85092.74176040162,-49.89474987965064,81.37586163192289
2024-02-09,55.75313663666666,37.56624883333333,91901.21190884127,-29.469258573303097,67.73578854224147
2024-02-10,55.75313663666666,37.56624883333333,89719.3379483301,-39.1411864982453,73.15857371417586
2024-02-11,55.753136636666675,37.56624883333333,95481.21871009625,-18.680418123848543,71.79271632202529
2024-02-12,55.75313663666666,37.56624883333334,98994.90936321247,-1.8783366033806794,81.51579052880884
2024-02-13,55.75313663666666,37.56624883333333,94450.12119656708,-20.765445772472457,79.17536804205241
2024-02-14,55.75313663666666,37.56624883333334,91273.21385591388,-36.28561819341652,75.36937732534766
2024-02-15,55.75313663666666,37.56624883333333,89134.40269474243,-44.15097267508552,85.01811066880447
2024-02-16,55.75313663666666,37.56624883333333,101090.28991297666,-6.994074952999584,76.31082772180996
2024-02-17,55.75313663666666,37.56624883333333,100141.45075768925,-2.3278216274893286,74.7698521436114
2024-02-18,55.75313663666666,37.56624883333333,99617.77710286491,-0.5756287595464807,75.91644723257127
2024-02-19,55.75313663666666,37.56624883333333,95655.13725499595,-17.624024019018883,70.16659083493634
2024-02-20,55.75313663666666,37.56624883333333,92088.7885036063,-30.570501443649835,75.24631408102879
2024-02-21,55.75313663666666,37.56624883333334,97865.53261885962,-10.152758463009814,71.82808170418612
2024-02-22,55.75313663666666,37.56624883333334,99727.1133704653,-1.996415895089117,77.4627277769283
2024-02-23,55.75313663666666,37.56624883333333,99946.6738182585,0.6821742620106117,82.2681006222631
2024-02-24,55.75313663666666,37.56624883333333,100456.9037030262,1.8361994932409538,79.11602718786781
2024-02-25,55.75313663666666,37.56624883333334,100576.72736624152,1.1494220988820658,70.93009705820604
2024-02-26,55.75313663666666,37.56624883333333,99952.28403914963,-1.711354626868845,55.745105433501415
2024-02-27,55.75313663666666,37.56624883333333,100075.0575999557,-0.8810687888099081,58.18970017237995
2024-02-28,55.75313663666666,37.56624883333333,93906.91952718461,-17.679122338039864,64.68367299972454
2024-03-01,55.753136636666675,37.56624883333333,99193.4733921754,0.9146483583171765,71.76745537586105
2024-03-02,55.75313663666666,37.56624883333333,93603.22889505156,-18.509631051292818,71.1007102897442
2024-03-03,55.75313663666666,37.56624883333334,94720.43663388281,-14.356115388824092,53.48687289524167
2024-03-04,55.75313663666666,37.56624883333333,93213.36799160764,-18.95538851758594,53.05584416119271
2024-03-05,55.75313663666666,37.56624883333333,89351.03459793748,-33.94857037904449,67.69912726218251
2024-03-06,55.75313663666666,37.56624883333333,94904.14222622507,-18.306680797630495,49.71692494796927
2024-03-07,55.75313663666666,37.56624883333334,92789.5157508657,-20.7563609821081,51.33062532786109
2024-03-08,55.75313663666666,37.56624883333334,94315.73414523418,-16.94353852734123,73.14519354168925
2024-03-09,55.75313663666666,37.56624883333334,94901.70549806005,-14.526326997132031,49.55210905732906
2024-03-10,55.75313663666666,37.56624883333333,94070.13459310605,-20.325249932369374,50.65231759965639
2024-03-11,55.75313663666666,37.56624883333333,95124.60180464755,-15.151620674088164,58.124500972040714
2024-03-12,55.75313663666666,37.56624883333334,91294.75750744906,-24.291276814972466,56.06859579068274
2024-03-13,55.75313663666666,37.56624883333333,96231.66915164393,-9.436770651274092,50.2408773911535
2024-03-14,55.75313663666666,37.56624883333333,100044.79762668064,4.1585528477881395,47.43373518570228
2024-03-15,55.75313663666666,37.56624883333333,99889.29540265271,4.761206708884025,60.858267807980745
2024-03-16,55.75313663666666,37.56624883333333,99834.45607241306,6.518279319766741,58.31896089793193
2024-03-17,55.75313663666666,37.56624883333333,99454.21791043792,4.709514284125577,62.60318504134117
2024-03-18,55.75313663666666,37.56624883333333,99694.96592744008,4.7679781865939885,68.66906576182352
2024-03-19,55.753136636666675,37.56624883333333,100197.800143741,3.821204918836838,71.77600033888892
2024-03-20,55.75313663666666,37.56624883333333,100335.90222318108,6.846295802401735,48.255014965732606
2024-03-21,55.75313663666666,37.56624883333333,100174.79210912359,7.759927640284244,37.28292567181247
2024-03-22,55.753136636666675,37.56624883333333,99391.3058850752,8.082731979260487,40.93946384534096
2024-03-23,55.75313663666666,37.56624883333333,97983.12384241482,5.158602039234243,80.25134371319102
2024-03-24,55.75313663666666,37.56624883333333,97746.56250359042,6.080973789640056,85.08542907472498
2024-03-25,55.75313663666666,37.56624883333333,98431.1182597091,7.023814527077685,61.00132368806053
2024-03-26,55.75313663666666,37.56624883333334,99001.32825799701,7.649887354698893,49.70499804444359
2024-03-27,55.75313663666666,37.56624883333333,99331.75236318853,8.877505801004629,41.93356432510797
2024-03-28,55.75313663666666,37.56624883333333,99249.40207958233,8.97407633077127,41.96400784587836
2024-03-29,55.75313663666666,37.56624883333333,98351.08879670252,8.594938892189298,58.12290633992759
2024-03-30,55.75313663666666,37.56624883333333,98897.86934925949,11.724461483499363,56.84207604287901
2024-04-01,55.753136636666675,37.56624883333333,98674.16812072409,17.724920716902407,48.72834325012186
2024-04-02,55.75313663666666,37.56624883333333,97990.0849916385,19.879938546364762,48.28504780208638
2024-04-03,55.75313663666666,37.56624883333333,97205.30880026332,13.121708080260674,53.7391009534519
2024-04-04,55.75313663666666,37.56624883333333,98722.57176614326,4.910265546301733,61.37691727385698
2024-04-05,55.75313663666666,37.56624883333333,99846.8657276425,4.129519223430811,44.956213598762965
2024-04-06,55.75313663666666,37.56624883333333,99485.88789668206,6.355300292772999,57.91578698705954
2024-04-07,55.75313663666666,37.56624883333333,99647.24811134941,11.626547236936815,65.97251320168301
2024-04-08,55.75313663666666,37.56624883333333,99541.19091320907,14.812048155889817,64.92687342834616
2024-04-09,55.75313663666666,37.56624883333333,99521.04515939289,16.315777957553834,71.6286260219998
2024-04-10,55.75313663666666,37.56624883333334,99755.90575714159,18.530144255884807,64.39989056563009
2024-04-11,55.75313663666666,37.56624883333333,99684.91702009237,16.673518918240486,44.521856942097365
2024-04-12,55.75313663666666,37.56624883333334,99257.68817284587,12.046321644115006,57.13799985568088
2024-04-13,55.75313663666666,37.56624883333334,99176.61286428053,12.845038105659361,49.617105138781085
2024-04-14,55.75313663666666,37.56624883333333,98373.40323772345,12.579957313572473,68.40968819472214
2024-04-15,55.75313663666666,37.56624883333333,97533.90337934264,8.381711955773566,68.96138754817575
2024-04-16,55.75313663666666,37.56624883333333,97827.02803058851,11.64541207675399,52.19758305494465
2024-04-17,55.75313663666666,37.56624883333334,97853.5290829708,11.331540636026594,59.353022445744024
2024-04-18,55.75313663666666,37.56624883333334,98348.42482347788,9.215678321036345,70.86615794829288
2024-04-19,55.75313663666666,37.56624883333333,97572.21962992613,9.039778072193492,69.92314415688558
2024-04-20,55.75313663666666,37.56624883333333,99618.27367476559,10.432652114191091,48.11681022683087
2024-04-21,55.75313663666666,37.56624883333334,99556.04486860505,14.75892126976982,46.65163996296314
2024-04-22,55.75313663666666,37.56624883333333,99097.09955693285,13.821920027267781,56.992884932012295
2024-04-23,55.75313663666666,37.56624883333333,99806.89834847879,11.4223875696959,48.76398860170762
2024-04-24,55.75313663666666,37.56624883333334,99709.94137930941,13.28977257595981,41.52927926298105
2024-04-25,55.75313663666666,37.56624883333333,98748.82790999825,18.137367452672223,48.883454184204005
2024-04-26,55.75313663666666,37.56624883333334,98815.64107798952,20.00198714943663,58.15568921758165
2024-04-27,55.75313663666666,37.56624883333333,99630.95147442054,13.457350346012818,81.6128510415719
